ackson,jackson
acommon,a common
acountry,a country
afew,a few
afull,a full
againstthe,against the
aidof,aid of
alady,a lady
alarge,a large
allensworlds,allens worlds
allthe,all the
almostentirely,almost entirely
alsoin,also in
aman,a man
americanslavery,american slavery
amongother,among other
amuel,samuel
anda,and a
andalso,and also
andany,and any
andchristian,and christian
andeven,and even
andevening,and evening
andfair,and fair
andfrom,and from
andfull,and full
andhe,and he
andhere,and here
andhis,and his
andholding,and holding
andi,and i
andlong,and long
andothers,and others
andplace,and place
andplace,and place
andstill,and still
andthat,and that
andthe,and the
andto,and to
andwas,and was
andwhose,and whose
aniel,daniel
ansas,kansas
apopular,a popular
appearin,appear in
apretty,a pretty
arah,sarah
areamong,are among
arecalled,are called
aremost,are most
arenot,are not
aresometimes,are sometimes
arestill,are still
asa,as a
aservant,a servant
asfollows,as follows
ashe,as he
ashington,washington
asingle,a single
asone,as one
asort ,a sort
asthe,as the
astheir,as their
ather,at her
athird,a third
attemptingto,attempting to
atthe,at the
awarm,a warm
backand,back and
beforethe,before the
beforethem,before them
beingmade,being made
belongingto,belonging to
bestof,best of
betweena,between a
betweenthe,between the
betweentwo,between two
bothof,both of
bya,by a
byhim,by him
bythe,by the
calledthe,called the
calledto,called to
chapterof,chapter of
churchand,church and
coloredpeople,colored people
companyof,company of
completethe,completethe
composedof,composed of
concealmentwithout,concealment without
constitutionand,constitution and
constitutionof,constitution of
contactwith,contact with
containedin,contained in
copyof,copy of
correspondwith,correspond with
couldnot,could not
crown,crown
dayas,day as
destinedto,destined to
didnot,did not
directionof,direction of
distinctionof,distinction of
dmund,edmund
doesnot,does not
donot,do not
duringthe,during the
endell,wendell
enry,henry
eorge,george
eslie,leslie
ewis,lewis
exhibitedin,exhibited in
financialcommittee,financial committee
firstof,first of
fornew,for new
forthe,for the
fourthof,fourth of
freestates,free states
fromeach,from each
fromit,from it
fromits,from its
fromsome,from some
fromthe,from the
fugitiveslave,fugitive slave
fulland,full and
givenof,given of
giventhe,given the
givesthe,gives the
godand,god and
goddelivered,god delivered
gooddeal,good deal
goodenough,good enough
governmentand,government and
governmentof,government of
greata,great a
hadbeen,had been
handfulof,handful of
harles,charles
harmonywith,harmony with
hasan,has an
hasbeen,has been
havebeen,have been
hehad,he had
hehas,he has
heheld,he held
heis,heis
heodore,theodore
herethe,here the
heshould,he should
hewas,he was
hewould,he would
hilbrick,philbrick
hillips,phillips
himselfon,himself on
himto,him to
hisown,his own
holdingthe,holding the
homas,thomas
homeof,home of
hompson,thompson
howit,how it
iakson,jackson
iam,i am
iberator,liberator
ihad,i had
ihave,ihave
ihave,i have
illiam,william
in his,in his
ina,in a
ineach,in each
infavor,in favor
injurethe,injure the
intendedfor,intended for
inthe,in the
intheir,in their
inthis,in this
intothat,into that
inwhich,in which
inwith,in with
isa,is a
isabout,is about
isbrought,is brought
ishould,i should
ismade,is made
isnot,is not
isplain,is plain
isstill,is still
isstill,is still
isthat,is that
isthe,is the
itand,it and
itas,it as
itdown,it down
ithas,it has
ithink,i think
itis,it is
itsplace,its place
itwas,it was
itwould,it would
iwas,i was
iwill,i will
iwould,i would
jointhe,join the
kindand,kind and
knownas,known as
ladywho,lady who
laiddown,laid down
lavery,slavery
lettersrelating,letters relating
likethat,like that
llis,ellis
loyd,lloyd
madeof,made of
madewith,made with
makesthe,makes the
makinga,making a
manymore,many more
massachusettspennsylvania,massachusetts pennsylvania
massof,mass of
missionto,mission to
momentin,moment in
momentthe,moment the
morethan,more than
mustbe,must be
myhands,my hands
nameand,name and
naturalcolor,natural color
ndrew,andrew
nion,union
noneof,none of
notbeing,not being
notthe,not the
nowin,now in
nowthe,now the
numberof,number of
obert,robert
objectof,object of
ociety,society
ofa,of a
ofcolor,of color
ofcommon,of common
ofcongress,of congress
ofgod,of god
ofher,of her
ofhis,of his
oflast,of last
oflittle,of little
oflong,of long
ofmankind,of mankind
ofmassachusetts,of massachusetts
ofmen,of men
ofmost,of most
ofmr,of mr
ofmy,of my
ofold,of old
ofour,of our
ofreal,of real
ofslavery,of slavery
ofthat,of that
ofthe,of the
oftheir,of their
ofthis,of this
ofthose,of those
ofvery,of very
ofwhich,of which
ofwild,of wild
ofyour,of your
ohn,john
oldand,old and
oneand,one and
oneof,one of
onlyfor,only for
onthe,on the
openand,open and
orelse,or else
oreven,or even
originaland,original and
ork,york
orlds,worlds
orof,or of
oston,boston
otherday,other day
othersare,others are
othershave,others have
ourcountry,our country
oveioy,loveioy
oward,toward
partin,part in
passedthrough,passed through
peoplehave,people have
peopleof,people of
persistedin,persisted in
placefor,place for
placethe,place the
plainand,plain and
preservethe,preserve the
producedby,producedby
protectthe,protect the
putthem,put them
questionof,question of
rancis,francis
referredto,referred to
regardto,regard to
removethe,remove the
representationfor,representation for
representingthe,representing the
representthe,represent the
republicanparty,republican party
requirementsof,requirements of
reservedfor,reserved for
returnof,return of
riend,friend
rightto,right to
saidthat,said that
securethe,secure the
sentfor,sent for
separatedfrom,separated from
shewas,she was
shouldbe,should be
showthe,show the
similarto,similar to
slavery the,slavery the
slaveryand,slavery and
slaveryin,slavery in
slaveryoffice,slavery office
slaverysociety,slavery society
slavesfor,slaves for
slavestates,slave states
sndrew,andrew
society and,society and
somethingof,something of
southcarolina,south carolina
southernstates,southern states
spiritof,spirit of
stateof,state of
statesand,states and
subiect,subject
substitutefor,substitute for
suggestionof,suggestion of
supreme court,supreme court
takesthe,takes the
tendollars,ten dollars
tephen,stephen
termstwo,terms two
thathe,that he
thati,that i
thatit,that it
thatthey,that they
thatwith,that with
the great,the great
theaction,the action
theamerican,the american
thearticle,the article
thebest,the best
thebishop,the bishop
thebooks,the books
thecare,the care
thecase,the case
thecause,the cause
thechair,the chair
thechristian,the christian
thechurch,the church
thechurches,the churches
thecity,the city
thecolored,the colored
theconstitution,the constitution
thecountry,the country
thecurrent,the current
thedirection,the direction
theexpense,the expense
theeyes,the eyes
theeyes,the eyes
thefair,the fair
thefirst,the first
thefollowing,the following
theformer,the former
thefree,the free
thefugitive,the fugitive
thefull,the full
thegirl,the girl
thegolden,the golden
thegovernment,the government
thehigh,the high
thehome,the home
thehouse,the house
theindividual,the individual
theirown,their own
theirslaves,their slaves
theland,the land
theland,the land
thelatter,the latter
thelaw,the law
thelength,the length
thelist,the list
theloss,the loss
thelovers,the lovers
thelow,the low
themaster,the master
themeeting,the meeting
themost,the most
thenational,the national
thenew,the new
thenorth,the north
thenorthern,the northern
thenthere,then there
thenumber,the number
theorder,the order
theorder,the order
theorgan,the organ
theother,the other
theowner,the owner
thepale,the pale
theparty,the party
thepeople,the people
thepoints,the points
thepopular,the popular
thepresence,the presence
thepresent,the present
thepresident,the president
theproper,the proper
thepublic,the public
thereis,there is
theremainder,the remainder
thereturn,the return
therewas,there was
therewere,there were
theright,the right
thesame,the same
thesense,the sense
thesewere,these were
theshape,the shape
theshort,the short
theslave,the slave
thesociety,the society
thesouth,the south
thesouthern,the southern
thespirit,the spirit
thestate,the state
thestates,the states
thesubiect,the subject
thethe,the the
theunion,the union
theunited,the united
theusual,the usual
thevery,the very
thewar,the war
thewhite,the white
thewhole,the whole
thewide,the wide
thewoman,the woman
theworld,the world
theyare,they are
theybe,they be
theyhad,they had
theyhave,they have
theywere,they were
theywill,they will
theywould,they would
thisafternoon,this afternoon
thiscity,this city
thiscountry,this country
thispart,this part
thispoint,this point
thisthe,this the
thosein,those in
thosethat,those that
thosewho,those who
throughall,through all
throughthe,through the
tobe,to be
toclaim,to claim
todo,to do
togetherand,together and
tohave,to have
tohim,to him
tohis,to his
tohold,to hold
tolay,to lay
tomake,to make
toremove,to remove
tosecure,to secure
toserve,to serve
tothe,to the
totheir,to their
towardsthe,towards the
towhich,to which
triumphof,triumph of
turnthe,turn the
uincy,quincy
umner,sumner
undera,under a
underthe,under the
underthis,under this
unitedstates,united states
wasa,was a
wasnot,was not
wasthe,was the
waysof,ways of
weare,we are
wehave,we have
wereat,were at
weremade,were made
wereof,were of
whena,when a
whena,when a
whenhis,when his
whenit,when it
whenmy,when my
whenthe,when the
wherea,where a
whicha,which a
whichare,which are
whichhe,which he
whichmust,which must
whichthe,which the
whichthey,which they
whichwas,which was
whoare,who are
whocame,who came
whowas,who was
willbe,will be
willnot,will not
willof,will of
witha,with a
withdeep,with deep
witheach,with each
withevery,with every
withmuch,with much
withpleasure,with pleasure
withthe,with the
withthis,with this
withthree,with three
workis,work is
wouldbe,would be
wouldhave,would have
ydney,sydney
yearsof,years of